TDSFU Daily run: Fri Oct 24 07:15:05 UTC 2025 TDSFU
TDSFU Daily run: Sat Oct 25 04:31:29 UTC 2025 TDSFU
TDSFU Daily run: Sun Oct 26 04:31:43 UTC 2025 TDSFU
TDSFU Daily run: Mon Oct 27 04:39:05 UTC 2025 TDSFU
TDSFU Daily run: Tue Oct 28 04:33:58 UTC 2025 TDSFU
TDSFU Daily run: Wed Oct 29 04:37:30 UTC 2025 TDSFU
TDSFU Daily run: Thu Oct 30 04:33:31 UTC 2025 TDSFU
TDSFU Daily run: Fri Oct 31 04:34:59 UTC 2025 TDSFU
TDSFU Daily run: Sat Nov  1 04:31:06 UTC 2025 TDSFU
TDSFU Daily run: Sun Nov  2 04:33:30 UTC 2025 TDSFU
